DetectTask 039909 BOTTOM 0.jpg,1
DetectTask 039909 BOTTOM 0.jpg,1
DetectTask 039911 BOTTOM 0.jpg,1
DetectTask 040027 BOTTOM 0.jpg,1
DetectTask 040041 BOTTOM 0.jpg,1
DetectTask 040041 BOTTOM 0.jpg,1
DetectTask 040043 BOTTOM 0.jpg,1
DetectTask 040049 BOTTOM 0.jpg,1
DetectTask 040049 BOTTOM 0.jpg,1
DetectTask 040051 BOTTOM 0.jpg,1
DetectTask 039909 BOTTOM 0.jpg,1
DetectTask 039909 BOTTOM 0.jpg,1
DetectTask 039911 BOTTOM 0.jpg,1
DetectTask 039911 BOTTOM 0.jpg,1
DetectTask 040027 BOTTOM 0.jpg,1
DetectTask 040041 BOTTOM 0.jpg,1
DetectTask 040041 BOTTOM 0.jpg,1
DetectTask 040043 BOTTOM 0.jpg,1
DetectTask 040043 BOTTOM 0.jpg,1
DetectTask 040049 BOTTOM 0.jpg,1
DetectTask 040049 BOTTOM 0.jpg,1
DetectTask 040051 BOTTOM 0.jpg,1
DetectTask 040051 BOTTOM 0.jpg,1
DetectTask 040051 BOTTOM 0.jpg,1
DetectTask 040051 BOTTOM 0.jpg,1
DetectTask 040071 BOTTOM 0.jpg,1
DetectTask 040073 BOTTOM 0.jpg,1
DetectTask 040085 BOTTOM 0.jpg,1
DetectTask 040085 BOTTOM 0.jpg,1
DetectTask 040085 BOTTOM 0.jpg,1
DetectTask 039909 BOTTOM 0.jpg,1
DetectTask 039909 BOTTOM 0.jpg,1
